"No.","Time","Source","Destination","Protocol","Length","Data","Info"
"119322","7126.685140","153.107.252.61","172.16.112.100","TCP","60","","49924  >  80 [SYN] Seq=0 Win=3072 Len=0"
"119323","7126.685289","172.16.112.100","153.107.252.61","TCP","60","","80  >  49924 [SYN, ACK] Seq=0 Ack=1 Win=8576 Len=0 MSS=1460"
"119324","7126.686194","153.107.252.61","172.16.112.100","TCP","60","","49924  >  80 [RST] Seq=1 Win=0 Len=0"
"119325","7127.965460","Cisco_38:46:33","Cisco_38:46:33","LOOP","60","000000000000000000000000000000000000000000000000...","Reply"
"119326","7128.134096","172.16.0.1","224.0.0.9","RIPv2","86","","Response"
