"No.","Time","Source","Destination","Protocol","Length","Data","Info"
"117842","7026.654926","153.107.252.61","172.16.112.100","TCP","60","","55394  >  22 [SYN] Seq=0 Win=4096 Len=0"
"117843","7026.655042","172.16.112.100","153.107.252.61","TCP","60","","22  >  55394 [RST, ACK] Seq=1 Ack=1 Win=0 Len=0"
"117844","7027.050979","172.16.114.169","196.227.33.189","TELNET","253","","Telnet Data ..."
"117845","7027.052821","196.227.33.189","172.16.114.169","TELNET","253","","Telnet Data ..."
"117846","7027.071748","172.16.114.169","196.227.33.189","TCP","60","","1169  >  23 [ACK] Seq=345 Ack=1716 Win=32120 Len=0"
"117847","7027.072520","196.227.33.189","172.16.114.169","TELNET","86","","Telnet Data ..."
"117848","7027.091739","172.16.114.169","196.227.33.189","TCP","60","","1169  >  23 [ACK] Seq=345 Ack=1748 Win=32120 Len=0"
"117849","7027.882085","Cisco_38:46:33","Cisco_38:46:33","LOOP","60","000000000000000000000000000000000000000000000000...","Reply"
