"No.","Time","Source","Destination","Protocol","Length","Data","Info"
"123017","7226.725564","153.107.252.61","172.16.112.100","TCP","60","","51173  >  21 [SYN] Seq=0 Win=1024 Len=0"
"123018","7226.725710","172.16.112.100","153.107.252.61","TCP","60","","21  >  51173 [SYN, ACK] Seq=0 Ack=1 Win=8576 Len=0 MSS=1460"
"123019","7226.726623","153.107.252.61","172.16.112.100","TCP","60","","51173  >  21 [RST] Seq=1 Win=0 Len=0"
"123020","7228.102943","Cisco_38:46:33","Cisco_38:46:33","LOOP","60","000000000000000000000000000000000000000000000000...","Reply"
